Submission id,Participant id,Status,Custom study tncs accepted at,Started at,Completed at,Reviewed at,Archived at,Time taken,Completion code,Total approvals,Age,Sex,Ethnicity simplified,Country of birth,Country of residence,Nationality,Language,Student status,Employment status
6908e99d2b6451c9ca3a75cb,66b2be331315bce01546e031,APPROVED,Not Applicable,2025-11-03T17:43:10.243000Z,2025-11-03T19:37:20.616000Z,2025-11-21T18:18:25.441000Z,2025-11-03T19:37:21.042637Z,6851.0,C1GZ5JPY,1566,44,Female,White,United States,United States,United States,English,No,DATA_EXPIRED
6908ea3f40acfc6794f9b7b9,5d4a41890e604c00011ade8b,APPROVED,Not Applicable,2025-11-03T17:45:39.815000Z,2025-11-03T19:55:58.118000Z,2025-11-21T18:18:27.286000Z,2025-11-03T19:56:11.367168Z,7819.0,C1GZ5JPY,11201,29,Male,Asian,United States,United States,United States,English,No,Full-Time
6908ea43d73116aa2a4b794f,678e883a9ac653bfb7ff5f1f,APPROVED,Not Applicable,2025-11-03T17:46:08.842000Z,2025-11-03T19:13:34.997000Z,2025-11-21T18:18:28.732000Z,2025-11-03T19:13:35.421230Z,5247.0,C1GZ5JPY,1966,30,Male,Black,United States,United States,United States,English,No,Full-Time
6908ea60a6f3c0aa74e57992,5f218f86a3a5b05784d9d371,APPROVED,Not Applicable,2025-11-03T17:46:12.229000Z,2025-11-03T18:31:35.955000Z,2025-11-21T18:18:30.205000Z,2025-11-03T18:31:36.335739Z,2724.0,C1GZ5JPY,5577,37,Female,White,United States,United States,United States,English,No,Full-Time
6908eafbe8ea104130ff3441,66e9b926c782e4f47a05ec7c,APPROVED,Not Applicable,2025-11-03T17:48:48.543000Z,2025-11-03T19:48:44.338000Z,2025-11-21T18:18:31.669000Z,2025-11-03T19:48:44.724854Z,7196.0,C1GZ5JPY,903,34,Female,White,United States,United States,United States,English,No,Part-Time
6908eb6f6c7afac22d405ee4,615327ab3d238b032366a545,APPROVED,Not Applicable,2025-11-03T17:53:02.948000Z,2025-11-03T18:52:01.624000Z,2025-11-21T18:18:35.366000Z,2025-11-03T18:52:02.035573Z,3539.0,C1GZ5JPY,2794,34,Female,White,United States,United States,United States,English,No,Part-Time
6908ebad6bb5afa31e2db2c0,5a443812817d1800018d1179,APPROVED,Not Applicable,2025-11-03T17:52:08.729000Z,2025-11-03T18:55:51.400000Z,2025-11-21T18:18:33.131000Z,2025-11-03T18:55:51.788373Z,3823.0,C1GZ5JPY,1988,37,Female,Black,United States,United States,United States,English,No,Full-Time
6908ebeecb38284141e8bec3,684a12ce6791bc422c72abbb,APPROVED,Not Applicable,2025-11-03T17:54:02.004000Z,2025-11-03T19:32:21.122000Z,2025-11-21T18:18:36.882000Z,2025-11-03T19:32:21.539289Z,5900.0,C1GZ5JPY,1417,40,Female,White,United States,United States,United States,English,No,Part-Time
6908ec75515d21176c158aac,672a56a48f56810ca01f305c,APPROVED,Not Applicable,2025-11-03T17:55:46.289000Z,2025-11-03T19:05:18.530000Z,2025-11-21T18:18:38.376000Z,2025-11-03T19:05:18.971024Z,4173.0,C1GZ5JPY,2039,38,Male,White,United States,United States,United States,English,No,Full-Time
6908ec78dedcac658edab0e4,5f2f03deec679e2cf4a992e6,APPROVED,Not Applicable,2025-11-03T17:58:10.836000Z,2025-11-03T19:41:29.261000Z,2025-11-21T18:18:41.394000Z,2025-11-03T19:41:29.640442Z,6199.0,C1GZ5JPY,10880,36,Male,White,United States,United States,United States,English,No,Full-Time
6908ece2c67c257836e17201,5d0f9b5a905351000124f56c,APPROVED,Not Applicable,2025-11-03T17:57:19.508000Z,2025-11-03T18:57:07.726000Z,2025-11-21T18:18:39.846000Z,2025-11-03T18:57:08.108483Z,3589.0,C1GZ5JPY,3535,41,Female,White,United States,United States,United States,English,No,DATA_EXPIRED
6908ed8f21c90c41c7bd1f37,67516c560c6e5099c1f9b277,APPROVED,Not Applicable,2025-11-03T17:59:55.689000Z,2025-11-03T18:50:25.082000Z,2025-11-21T18:18:42.862000Z,2025-11-03T18:50:36.944158Z,3030.0,C1GZ5JPY,605,40,Male,Other,United States,United States,United States,English,No,Full-Time
6908edc9e46c656d33eb5893,6079ff1600ff2b7455e1c3e0,APPROVED,Not Applicable,2025-11-03T18:02:51.045000Z,2025-11-03T19:21:59.869000Z,2025-11-21T18:18:45.983000Z,2025-11-03T19:22:00.262988Z,4749.0,C1GZ5JPY,2174,23,Female,Black,United States,United States,United States,English,No,Other
6908edecbf4143972e135b35,67ac21373a76570ef0a5c0d3,APPROVED,Not Applicable,2025-11-03T18:04:39.127000Z,2025-11-03T19:25:08.600000Z,2025-11-21T18:18:48.003000Z,2025-11-03T19:25:08.974649Z,4830.0,C1GZ5JPY,1717,39,Female,White,United States,United States,United States,English,No,"Not in paid work (e.g. homemaker', 'retired or disabled)"
6908edf521c90c41c7bd1f41,674c85b37ea790fa800e2ef6,APPROVED,Not Applicable,2025-11-03T18:01:33.383000Z,2025-11-03T18:40:37.091000Z,2025-11-21T18:18:44.491000Z,2025-11-03T18:40:37.569309Z,2344.0,NOCODE,532,40,Female,Black,United States,United States,United States,English,Yes,Full-Time
6908ee3bc7554693216f2d53,6166c0eb123b6e8b34628249,APPROVED,Not Applicable,2025-11-03T18:06:47.089000Z,2025-11-03T19:15:36.674000Z,2025-11-21T18:18:49.450000Z,2025-11-03T19:15:37.069580Z,4130.0,C1GZ5JPY,6421,28,Female,Black,United States,United States,United States,English,Yes,Part-Time
6908ef0c5e6a5dfa23cbf148,56caf7b564c068000c4d798a,APPROVED,Not Applicable,2025-11-03T18:07:52.373000Z,2025-11-03T19:14:23.645000Z,2025-11-21T18:18:52.157000Z,2025-11-03T19:14:24.051505Z,3992.0,C1GZ5JPY,3628,44,Female,White,United States,United States,United States,English,No,Full-Time
6908ef919ac24915ce71a697,674a317122c5f8223e47d5f5,APPROVED,Not Applicable,2025-11-03T18:08:21.233000Z,2025-11-03T18:59:43.996000Z,2025-11-21T18:18:53.602000Z,2025-11-03T18:59:56.847404Z,3083.0,C1GZ5JPY,1099,22,Female,White,United States,United States,United States,English,No,Unemployed (and job seeking)
6908ef99e751ae9e06bc3b4d,5f90a9b6980885196a0d084d,APPROVED,Not Applicable,2025-11-03T18:08:29.783000Z,2025-11-03T18:57:42.773000Z,2025-11-21T18:18:55.064000Z,2025-11-03T18:57:43.192530Z,2953.0,C1GZ5JPY,2748,26,Male,White,United States,United States,United States,English,Yes,"Not in paid work (e.g. homemaker', 'retired or disabled)"
6908f03090d229e439ddcdae,5c40e28ffe87360001a5677e,APPROVED,Not Applicable,2025-11-03T18:10:59.383000Z,2025-11-03T20:01:05.493000Z,2025-11-21T18:18:56.537000Z,2025-11-03T20:01:06.033836Z,6607.0,C1GZ5JPY,3197,31,Female,Black,United States,United States,United States,English,No,Full-Time
6908f102dce755eda58571f8,664b62a91a7b577435face15,APPROVED,Not Applicable,2025-11-03T18:14:41.417000Z,2025-11-03T19:12:23.985000Z,2025-11-21T18:18:58.080000Z,2025-11-03T19:12:24.413662Z,3463.0,C1GZ5JPY,1228,34,Female,White,United States,United States,United States,English,No,"Not in paid work (e.g. homemaker', 'retired or disabled)"
6908f2646c8a33ad2b258593,67140e619a07e922923d2ae0,APPROVED,Not Applicable,2025-11-03T18:20:39.787000Z,2025-11-03T19:20:10.650000Z,2025-11-21T18:18:59.545000Z,2025-11-03T19:20:11.034611Z,3571.0,C1GZ5JPY,755,38,Female,White,United States,United States,United States,English,No,Full-Time
6908f3b9a7ed17efc8b87735,664666f7c83c0f374d9631ab,APPROVED,Not Applicable,2025-11-03T18:26:06.778000Z,2025-11-03T19:19:12.260000Z,2025-11-21T18:19:01.044000Z,2025-11-03T19:19:26.356670Z,3186.0,C1GZ5JPY,1597,30,Male,Asian,United States,United States,United States,English,No,Part-Time
6908f40120b94aeb28a28352,67d83d5fdd68549a4c41a1fd,APPROVED,Not Applicable,2025-11-03T18:27:42.064000Z,2025-11-03T19:54:36.829000Z,2025-11-21T18:19:02.733000Z,2025-11-03T19:54:37.223207Z,5215.0,C1GZ5JPY,1404,31,Female,White,United States,United States,United States,English,Yes,Full-Time
6908f468c5306d9e79f2b0b7,67324fcf484d2ddb46f50e43,APPROVED,Not Applicable,2025-11-03T18:33:52.566000Z,2025-11-03T20:18:45.776000Z,2025-11-21T18:19:05.339000Z,2025-11-03T20:19:00.547442Z,6294.0,C1GZ5JPY,1504,28,Male,White,United States,United States,United States,English,DATA_EXPIRED,DATA_EXPIRED
6908f53c7a9ff4c2d3a88513,5589cd58fdf99b18be3203af,APPROVED,Not Applicable,2025-11-03T18:33:11.486000Z,2025-11-03T19:31:44.086000Z,2025-11-21T18:19:03.975000Z,2025-11-03T19:31:44.495064Z,3513.0,C1GZ5JPY,4812,41,Female,White,United States,United States,United States,English,No,Full-Time
6908f5badcf99737bd0c3403,65d6a09286a0c99e632a46dd,APPROVED,Not Applicable,2025-11-03T18:34:37.513000Z,2025-11-03T19:31:38.609000Z,2025-11-21T18:19:17.471000Z,2025-11-03T19:32:08.246015Z,3422.0,C1GZ5JPY,2255,23,Male,White,United States,United States,United States,English,DATA_EXPIRED,DATA_EXPIRED
6908f768718108e7c6c9265b,669588e8ad1745596a02a04b,APPROVED,Not Applicable,2025-11-03T18:42:01.854000Z,2025-11-03T19:25:05.968000Z,2025-11-21T18:19:18.954000Z,2025-11-03T19:25:06.474088Z,2585.0,C1GZ5JPY,2885,23,Male,White,United States,United States,United States,English,No,Unemployed (and job seeking)
6908f9814e0208fcc4b96be4,5eda8f3cf96cc50eea5c251c,APPROVED,Not Applicable,2025-11-03T18:55:41.935000Z,2025-11-03T19:59:19.686000Z,2025-11-21T18:19:22.367000Z,2025-11-03T19:59:20.089101Z,3818.0,C1GZ5JPY,615,23,Male,Asian,United States,United States,United States,English,No,Full-Time
6908f9cce9c508e68f58ef60,667a2a09c4912ebdc9078387,APPROVED,Not Applicable,2025-11-03T18:52:24.867000Z,2025-11-03T20:11:46.326000Z,2025-11-21T18:19:20.266000Z,2025-11-03T20:11:46.730189Z,4762.0,C1GZ5JPY,5065,27,Male,White,United States,United States,United States,English,No,Full-Time
6908f9ecd451691808198254,66a2fd3ddb8757da1068e932,APPROVED,Not Applicable,2025-11-03T18:54:11.152000Z,2025-11-03T19:53:05.073000Z,2025-11-21T18:19:21.339000Z,2025-11-03T19:53:05.447918Z,3534.0,C1GZ5JPY,954,23,Female,White,United States,United States,United States,English,No,Unemployed (and job seeking)
6908fc7183b923eddc547330,67b8d3adc925460632e8e8a1,APPROVED,Not Applicable,2025-11-03T19:03:25.090000Z,2025-11-03T20:20:52.322000Z,2025-11-21T18:19:23.388000Z,2025-11-03T20:20:52.740358Z,4648.0,C1GZ5JPY,1864,19,Female,White,United States,United States,United States,English,Yes,Part-Time
6909006844dc7b03a3cc33bb,5f4ae7cb6b68b56c2acb12c8,APPROVED,Not Applicable,2025-11-03T19:20:29.026000Z,2025-11-03T20:41:47.272000Z,2025-11-21T18:19:24.473000Z,2025-11-03T20:41:47.657682Z,4879.0,C1GZ5JPY,1478,45,Female,White,United States,United States,United States,English,No,Full-Time
69090116f84f8858bac09cb6,66e2f5bef170bd666f05dc8e,APPROVED,Not Applicable,2025-11-03T19:23:16.491000Z,2025-11-03T20:12:38.676000Z,2025-11-21T18:19:25.596000Z,2025-11-03T20:12:39.045892Z,2963.0,C1GZ5JPY,2573,40,Male,White,United States,United States,United States,English,No,Full-Time
690903bae304e977a8c973b8,5f146f8b9a35f72602d03ddc,APPROVED,Not Applicable,2025-11-03T19:34:46.627000Z,2025-11-03T20:58:15.684000Z,2025-11-21T18:19:26.794000Z,2025-11-03T20:58:16.133457Z,5010.0,C1GZ5JPY,963,37,Female,White,United States,United States,United States,English,No,Full-Time
6909040de030afce04d15840,6888ef1c4b2aaea8b61ec0e3,APPROVED,Not Applicable,2025-11-03T19:35:45.299000Z,2025-11-03T21:29:23.952000Z,2025-11-21T18:19:31.143000Z,2025-11-03T21:29:24.336859Z,6819.0,C1GZ5JPY,303,42,Male,White,United States,United States,United States,English,No,Full-Time
690905592d616a1af28b00b1,6691a5c500af8a7d634133f7,APPROVED,Not Applicable,2025-11-03T19:46:44.092000Z,2025-11-03T21:19:30.848000Z,2025-11-21T18:19:31.429000Z,2025-11-03T21:19:31.273953Z,5567.0,C1GZ5JPY,1930,41,Female,White,United States,United States,United States,English,No,Unemployed (and job seeking)
69090612efb097acf32b6a86,66f3834246fbf1be6109d9b3,APPROVED,Not Applicable,2025-11-03T19:44:25.696000Z,2025-11-03T21:01:48.432000Z,2025-11-21T18:19:31.730000Z,2025-11-03T22:36:56.007995Z,4643.0,C1GZ5JPY,2135,34,Male,DATA_EXPIRED,United States,United States,United States,English,DATA_EXPIRED,Full-Time
690908da4b5953fd4c280a22,673593b7b37c1ce17037b3f0,APPROVED,Not Applicable,2025-11-03T19:56:38.027000Z,2025-11-03T20:59:54.531000Z,2025-11-21T18:19:32.252000Z,2025-11-03T20:59:54.940998Z,3797.0,C1GZ5JPY,1027,37,Female,White,United States,United States,United States,English,No,Full-Time
69090abd2e7d2f9789b87dc4,678f02520df6c988ca6bdd85,APPROVED,Not Applicable,2025-11-03T20:04:27.387000Z,2025-11-03T21:19:08.065000Z,2025-11-21T18:19:32.780000Z,2025-11-03T21:19:08.972575Z,4481.0,C1GZ5JPY,2084,39,Female,Black,United States,United States,United States,English,No,Full-Time
69090bac79c0e25e64e3003c,610920f0107bd72ff209c20f,APPROVED,Not Applicable,2025-11-03T20:08:27.911000Z,2025-11-03T21:19:07.008000Z,2025-11-21T18:19:33.164000Z,2025-11-03T21:19:07.440428Z,4240.0,C1GZ5JPY,1932,32,Female,White,United States,United States,United States,English,No,Unemployed (and job seeking)
69090bc574b80fd0fbd5d649,6630ff1a437b51ceddadb038,APPROVED,Not Applicable,2025-11-03T20:10:28.295000Z,2025-11-03T21:33:59.039000Z,2025-11-21T18:19:33.544000Z,2025-11-03T21:33:59.405678Z,5011.0,C1GZ5JPY,209,40,Female,White,United States,United States,United States,English,No,Full-Time
690910d07185052e6eb9370a,66bce38cdb7f3309e448dc8d,APPROVED,Not Applicable,2025-11-03T20:30:22.591000Z,2025-11-03T21:37:59.636000Z,2025-11-21T18:19:33.892000Z,2025-11-03T21:38:00.000715Z,4058.0,C1GZ5JPY,639,39,Female,White,United States,United States,United States,English,No,Other
690914c7f58428af3b38ee9e,60fdb73b85f276ed91d84eb9,APPROVED,Not Applicable,2025-11-03T20:52:49.695000Z,2025-11-03T22:06:21.852000Z,2025-11-21T18:19:34.176000Z,2025-11-03T22:06:22.239016Z,4413.0,C1GZ5JPY,1179,23,Female,White,United States,United States,United States,English,DATA_EXPIRED,DATA_EXPIRED
69092076c67c257836e175ea,6319fe94b95ac2abc796fbe7,APPROVED,Not Applicable,2025-11-03T21:36:58.252000Z,2025-11-03T22:44:36.883000Z,2025-11-21T18:19:34.466000Z,2025-11-03T22:44:37.247708Z,4059.0,C1GZ5JPY,1252,32,Female,Black,United States,United States,United States,English,Yes,Full-Time
6909227eecd2b496d7f79f60,6724e0678e7657376f6789c7,APPROVED,Not Applicable,2025-11-03T21:46:21.809000Z,2025-11-03T23:35:38.120000Z,2025-11-21T18:19:34.827000Z,2025-11-03T23:35:38.523582Z,6557.0,C1GZ5JPY,556,38,Male,White,United States,United States,United States,English,No,Full-Time
690922c1b7da00d6992712e0,66a2ba0ab98cf9afedb70111,APPROVED,Not Applicable,2025-11-03T21:46:45.234000Z,2025-11-03T22:57:48.672000Z,2025-11-21T18:19:35.246000Z,2025-11-03T22:57:49.086011Z,4264.0,C1GZ5JPY,2684,42,Female,White,United States,United States,United States,English,No,Full-Time
6909235e0c95372d1f6a961d,66e4d86dc6b20335f135a8e5,APPROVED,Not Applicable,2025-11-03T21:49:25.184000Z,2025-11-03T23:01:23.720000Z,2025-11-21T18:19:36.461000Z,2025-11-03T23:01:24.135482Z,4319.0,C1GZ5JPY,1415,43,Female,White,United States,United States,United States,English,No,Full-Time
69092576974b12b2cd6f3c5d,67dd9d7cb2b6bc83e7981f45,APPROVED,Not Applicable,2025-11-03T21:59:50.083000Z,2025-11-03T22:22:08.204000Z,2025-11-21T18:19:36.809000Z,2025-11-03T22:22:12.406448Z,1339.0,C1GZ5JPY,898,41,Male,White,United States,United States,United States,English,DATA_EXPIRED,DATA_EXPIRED
690929a1d35015b74abb342c,66046ee084b12b781cb49495,APPROVED,Not Applicable,2025-11-03T22:16:09.306000Z,2025-11-03T23:20:59.730000Z,2025-11-21T18:19:37.207000Z,2025-11-03T23:21:00.114654Z,3891.0,C1GZ5JPY,1696,29,Male,White,United States,United States,United States,English,No,Unemployed (and job seeking)
69092f00b97ad87d2e49ca84,5cfecc1e96681500168a1799,APPROVED,Not Applicable,2025-11-03T22:39:18.649000Z,2025-11-04T00:19:57.430000Z,2025-11-21T18:19:37.599000Z,2025-11-04T00:19:57.976970Z,6039.0,C1GZ5JPY,5260,29,Male,Asian,United States,United States,United States,English,No,Full-Time
690ae05210ace736ee72473d,66abe59835eecb1e3a8b83d9,APPROVED,Not Applicable,2025-11-05T05:28:25.334000Z,2025-11-05T05:50:41.142000Z,2025-11-21T18:19:39.977000Z,2025-11-05T05:50:41.697706Z,1336.0,NOCODE,585,31,Male,White,United States,United States,United States,English,No,Unemployed (and job seeking)
6908ea45a1848a6b7173705c,5d460ce9ba790b0001dd488c,RETURNED,Not Applicable,2025-11-03T17:46:03.729000Z,,,,,,789,CONSENT_REVOKED,CONSENT_REVOKED,CONSENT_REVOKED,CONSENT_REVOKED,CONSENT_REVOKED,CONSENT_REVOKED,CONSENT_REVOKED,CONSENT_REVOKED,CONSENT_REVOKED
6908ea475f21e550ea62bec0,67dd40b531ab9c33ff61e98e,RETURNED,Not Applicable,2025-11-03T17:45:43.354000Z,,,,,,1904,CONSENT_REVOKED,CONSENT_REVOKED,CONSENT_REVOKED,CONSENT_REVOKED,CONSENT_REVOKED,CONSENT_REVOKED,CONSENT_REVOKED,CONSENT_REVOKED,CONSENT_REVOKED
6908ea794c9fc5d3721c5d4d,610c46ec070a815a79afe046,RETURNED,Not Applicable,2025-11-03T17:46:39.509000Z,,,,,,5902,CONSENT_REVOKED,CONSENT_REVOKED,CONSENT_REVOKED,CONSENT_REVOKED,CONSENT_REVOKED,CONSENT_REVOKED,CONSENT_REVOKED,CONSENT_REVOKED,CONSENT_REVOKED
6908eab4005e59f29349c42d,67dd46602623d4bf857f7fa2,RETURNED,Not Applicable,2025-11-03T17:47:46.249000Z,,,,,,2058,CONSENT_REVOKED,CONSENT_REVOKED,CONSENT_REVOKED,CONSENT_REVOKED,CONSENT_REVOKED,CONSENT_REVOKED,CONSENT_REVOKED,CONSENT_REVOKED,CONSENT_REVOKED
6908ead8295dd999db263782,5edc7aed858a159580341afa,RETURNED,Not Applicable,2025-11-03T17:48:20.749000Z,,,,,,1882,CONSENT_REVOKED,CONSENT_REVOKED,CONSENT_REVOKED,CONSENT_REVOKED,CONSENT_REVOKED,CONSENT_REVOKED,CONSENT_REVOKED,CONSENT_REVOKED,CONSENT_REVOKED
6908eae05dee66b0c6a6bb8d,676a9ff29f682327702b7b06,RETURNED,Not Applicable,2025-11-03T17:48:32.390000Z,,,,,,1981,CONSENT_REVOKED,CONSENT_REVOKED,CONSENT_REVOKED,CONSENT_REVOKED,CONSENT_REVOKED,CONSENT_REVOKED,CONSENT_REVOKED,CONSENT_REVOKED,CONSENT_REVOKED
6908eb02c109344ffadaef00,678c89e7d72ecd785f475dfd,RETURNED,Not Applicable,2025-11-03T17:48:56.604000Z,,,,,,4322,CONSENT_REVOKED,CONSENT_REVOKED,CONSENT_REVOKED,CONSENT_REVOKED,CONSENT_REVOKED,CONSENT_REVOKED,CONSENT_REVOKED,CONSENT_REVOKED,CONSENT_REVOKED
6908eb0cb6c492b1e0b135c9,66c759ddaa2a477714a13d63,RETURNED,Not Applicable,2025-11-03T17:58:08.528000Z,,,,,,380,CONSENT_REVOKED,CONSENT_REVOKED,CONSENT_REVOKED,CONSENT_REVOKED,CONSENT_REVOKED,CONSENT_REVOKED,CONSENT_REVOKED,CONSENT_REVOKED,CONSENT_REVOKED
6908eb610396e7270a866a1d,675b6bf5887bccb7fad6c44d,RETURNED,Not Applicable,2025-11-03T17:51:33.746000Z,,,,,,1541,CONSENT_REVOKED,CONSENT_REVOKED,CONSENT_REVOKED,CONSENT_REVOKED,CONSENT_REVOKED,CONSENT_REVOKED,CONSENT_REVOKED,CONSENT_REVOKED,CONSENT_REVOKED
6908eb93c6434b55fd445f95,65a09ede5747bb3166d505a4,RETURNED,Not Applicable,2025-11-03T17:51:18.391000Z,,,,,,3314,CONSENT_REVOKED,CONSENT_REVOKED,CONSENT_REVOKED,CONSENT_REVOKED,CONSENT_REVOKED,CONSENT_REVOKED,CONSENT_REVOKED,CONSENT_REVOKED,CONSENT_REVOKED
6908ebb297649955a0adca97,67dd4210d92f4c3aac8d944c,RETURNED,Not Applicable,2025-11-03T17:51:46.803000Z,,,,,,1259,CONSENT_REVOKED,CONSENT_REVOKED,CONSENT_REVOKED,CONSENT_REVOKED,CONSENT_REVOKED,CONSENT_REVOKED,CONSENT_REVOKED,CONSENT_REVOKED,CONSENT_REVOKED
6908ebd285c27247514d9017,66d0217be06f8783cc04f0a7,RETURNED,Not Applicable,2025-11-03T17:52:21.160000Z,,,,,,2783,CONSENT_REVOKED,CONSENT_REVOKED,CONSENT_REVOKED,CONSENT_REVOKED,CONSENT_REVOKED,CONSENT_REVOKED,CONSENT_REVOKED,CONSENT_REVOKED,CONSENT_REVOKED
6908ebee3b1ddd2b747ede36,5f51947ba90f9b3ea1d2fe61,RETURNED,Not Applicable,2025-11-03T17:53:25.554000Z,,,,,,3282,CONSENT_REVOKED,CONSENT_REVOKED,CONSENT_REVOKED,CONSENT_REVOKED,CONSENT_REVOKED,CONSENT_REVOKED,CONSENT_REVOKED,CONSENT_REVOKED,CONSENT_REVOKED
6908ec28d88fe05238b355d7,6647d385a03fca12ce7acc45,RETURNED,Not Applicable,2025-11-03T17:53:47.733000Z,,,,,,2628,CONSENT_REVOKED,CONSENT_REVOKED,CONSENT_REVOKED,CONSENT_REVOKED,CONSENT_REVOKED,CONSENT_REVOKED,CONSENT_REVOKED,CONSENT_REVOKED,CONSENT_REVOKED
6908ec5337a279f393a2eaa4,65c12aec64a50727ccd1ac6e,RETURNED,Not Applicable,2025-11-03T17:54:38.483000Z,,,,,,5903,CONSENT_REVOKED,CONSENT_REVOKED,CONSENT_REVOKED,CONSENT_REVOKED,CONSENT_REVOKED,CONSENT_REVOKED,CONSENT_REVOKED,CONSENT_REVOKED,CONSENT_REVOKED
6908ec64e1e869c94a2a96a1,68423451060859f8ce31ee5a,RETURNED,Not Applicable,2025-11-03T17:55:26.827000Z,,,,,,1200,CONSENT_REVOKED,CONSENT_REVOKED,CONSENT_REVOKED,CONSENT_REVOKED,CONSENT_REVOKED,CONSENT_REVOKED,CONSENT_REVOKED,CONSENT_REVOKED,CONSENT_REVOKED
6908ec86b97ad87d2e49c45e,67d45c45d8d7e9d103a40dc3,RETURNED,Not Applicable,2025-11-03T18:00:50.059000Z,,,,,,501,CONSENT_REVOKED,CONSENT_REVOKED,CONSENT_REVOKED,CONSENT_REVOKED,CONSENT_REVOKED,CONSENT_REVOKED,CONSENT_REVOKED,CONSENT_REVOKED,CONSENT_REVOKED
6908ec8ced3a7e5615ed8c14,6577fb64d29f73c7b3a13539,RETURNED,Not Applicable,2025-11-03T17:55:30.076000Z,,,,,,2657,CONSENT_REVOKED,CONSENT_REVOKED,CONSENT_REVOKED,CONSENT_REVOKED,CONSENT_REVOKED,CONSENT_REVOKED,CONSENT_REVOKED,CONSENT_REVOKED,CONSENT_REVOKED
6908ec993327b7b112e549eb,5fd8e27b6feb8e0d22eb3bd0,RETURNED,Not Applicable,2025-11-03T17:55:53.451000Z,,,,,,5768,CONSENT_REVOKED,CONSENT_REVOKED,CONSENT_REVOKED,CONSENT_REVOKED,CONSENT_REVOKED,CONSENT_REVOKED,CONSENT_REVOKED,CONSENT_REVOKED,CONSENT_REVOKED
6908ec9d1c2f9529e6caf747,605b711e0c079e688e345630,RETURNED,Not Applicable,2025-11-03T17:55:47.328000Z,,,,,,948,CONSENT_REVOKED,CONSENT_REVOKED,CONSENT_REVOKED,CONSENT_REVOKED,CONSENT_REVOKED,CONSENT_REVOKED,CONSENT_REVOKED,CONSENT_REVOKED,CONSENT_REVOKED
6908ecdbd603b8c308d12fbe,676f0d51832c4a60f2d8cb96,RETURNED,Not Applicable,,,,,,,863,CONSENT_REVOKED,CONSENT_REVOKED,CONSENT_REVOKED,CONSENT_REVOKED,CONSENT_REVOKED,CONSENT_REVOKED,CONSENT_REVOKED,CONSENT_REVOKED,CONSENT_REVOKED
6908ed2d1d25fee1620f4d38,5885f97f41da4500014d3645,RETURNED,Not Applicable,2025-11-03T17:58:05.282000Z,,,,,,4080,CONSENT_REVOKED,CONSENT_REVOKED,CONSENT_REVOKED,CONSENT_REVOKED,CONSENT_REVOKED,CONSENT_REVOKED,CONSENT_REVOKED,CONSENT_REVOKED,CONSENT_REVOKED
6908ed45127d7a5fdc3cfdef,65e092624fd67570ea7e4c36,RETURNED,Not Applicable,2025-11-03T17:58:36.300000Z,,,,,,1443,CONSENT_REVOKED,CONSENT_REVOKED,CONSENT_REVOKED,CONSENT_REVOKED,CONSENT_REVOKED,CONSENT_REVOKED,CONSENT_REVOKED,CONSENT_REVOKED,CONSENT_REVOKED
6908ed599bdac4dcbf73dbcf,67857d461a748d891eb17016,RETURNED,Not Applicable,2025-11-03T17:59:31.521000Z,,,,,,1298,CONSENT_REVOKED,CONSENT_REVOKED,CONSENT_REVOKED,CONSENT_REVOKED,CONSENT_REVOKED,CONSENT_REVOKED,CONSENT_REVOKED,CONSENT_REVOKED,CONSENT_REVOKED
6908ed82714366028935f43a,5de8887aa2db898017debf1a,RETURNED,Not Applicable,2025-11-03T17:59:40.435000Z,,,,,,4228,CONSENT_REVOKED,CONSENT_REVOKED,CONSENT_REVOKED,CONSENT_REVOKED,CONSENT_REVOKED,CONSENT_REVOKED,CONSENT_REVOKED,CONSENT_REVOKED,CONSENT_REVOKED
6908ed84d171cc23b6ae17f9,6732ee6eb5fd516ed84fb6c7,RETURNED,Not Applicable,2025-11-03T18:00:01.007000Z,,,,,,1838,CONSENT_REVOKED,CONSENT_REVOKED,CONSENT_REVOKED,CONSENT_REVOKED,CONSENT_REVOKED,CONSENT_REVOKED,CONSENT_REVOKED,CONSENT_REVOKED,CONSENT_REVOKED
6908ee4e60f7512296a912e5,5b3e2334cdb4ce0001d93c51,RETURNED,Not Applicable,2025-11-03T18:04:22.738000Z,,,,,,9267,CONSENT_REVOKED,CONSENT_REVOKED,CONSENT_REVOKED,CONSENT_REVOKED,CONSENT_REVOKED,CONSENT_REVOKED,CONSENT_REVOKED,CONSENT_REVOKED,CONSENT_REVOKED
6908ee857a9b11e9fb0bcda9,67299a3cb9242638dd2556db,RETURNED,Not Applicable,,,,,,,2384,CONSENT_REVOKED,CONSENT_REVOKED,CONSENT_REVOKED,CONSENT_REVOKED,CONSENT_REVOKED,CONSENT_REVOKED,CONSENT_REVOKED,CONSENT_REVOKED,CONSENT_REVOKED
6908ee8867f510f856ad8106,5bcbde9d08a62c0001f86bd0,RETURNED,Not Applicable,2025-11-03T18:05:07.213000Z,,,,,,7480,CONSENT_REVOKED,CONSENT_REVOKED,CONSENT_REVOKED,CONSENT_REVOKED,CONSENT_REVOKED,CONSENT_REVOKED,CONSENT_REVOKED,CONSENT_REVOKED,CONSENT_REVOKED
6908ee921ce222405bf9b845,67d46e7d5fb2bbc634ae33a5,RETURNED,Not Applicable,2025-11-03T18:04:02.207000Z,2025-11-03T18:22:39.045000Z,,2025-11-03T18:22:39.438000Z,,C79UNFD2,4292,CONSENT_REVOKED,CONSENT_REVOKED,CONSENT_REVOKED,CONSENT_REVOKED,CONSENT_REVOKED,CONSENT_REVOKED,CONSENT_REVOKED,CONSENT_REVOKED,CONSENT_REVOKED
6908ee9d7028d2d4c458eda7,61099df4f8934ee3e99493d5,RETURNED,Not Applicable,,,,,,,514,CONSENT_REVOKED,CONSENT_REVOKED,CONSENT_REVOKED,CONSENT_REVOKED,CONSENT_REVOKED,CONSENT_REVOKED,CONSENT_REVOKED,CONSENT_REVOKED,CONSENT_REVOKED
6908eec40131b6a03c9c9e58,663a5e3c2027b7adec3f8b6e,RETURNED,Not Applicable,2025-11-03T18:04:55.330000Z,,,,,,142,CONSENT_REVOKED,CONSENT_REVOKED,CONSENT_REVOKED,CONSENT_REVOKED,CONSENT_REVOKED,CONSENT_REVOKED,CONSENT_REVOKED,CONSENT_REVOKED,CONSENT_REVOKED
6908eed26cea12be95310e92,67e82ac6e6f39b2aa9b57f59,RETURNED,Not Applicable,2025-11-03T18:07:45.150000Z,,,,,,2476,CONSENT_REVOKED,CONSENT_REVOKED,CONSENT_REVOKED,CONSENT_REVOKED,CONSENT_REVOKED,CONSENT_REVOKED,CONSENT_REVOKED,CONSENT_REVOKED,CONSENT_REVOKED
6908ef79080f1c676f7b6ee7,5ede2d50869843041d303b7a,RETURNED,Not Applicable,2025-11-03T18:07:56.638000Z,,,,,,720,CONSENT_REVOKED,CONSENT_REVOKED,CONSENT_REVOKED,CONSENT_REVOKED,CONSENT_REVOKED,CONSENT_REVOKED,CONSENT_REVOKED,CONSENT_REVOKED,CONSENT_REVOKED
6908f09da86f6244118ab4a6,663e4e95e7e0acca1b1cd005,RETURNED,Not Applicable,2025-11-03T18:12:50.330000Z,,,,,,1212,CONSENT_REVOKED,CONSENT_REVOKED,CONSENT_REVOKED,CONSENT_REVOKED,CONSENT_REVOKED,CONSENT_REVOKED,CONSENT_REVOKED,CONSENT_REVOKED,CONSENT_REVOKED
6908f159721025692ea677dc,60d50ceb7c563c73f91d9ec5,RETURNED,Not Applicable,2025-11-03T18:16:07.909000Z,,,,,,7204,CONSENT_REVOKED,CONSENT_REVOKED,CONSENT_REVOKED,CONSENT_REVOKED,CONSENT_REVOKED,CONSENT_REVOKED,CONSENT_REVOKED,CONSENT_REVOKED,CONSENT_REVOKED
6908f16b129627d8334fb8cb,5fb156d6e16ee65ed2558d7c,RETURNED,Not Applicable,2025-11-03T18:19:17.676000Z,,,,,,2970,CONSENT_REVOKED,CONSENT_REVOKED,CONSENT_REVOKED,CONSENT_REVOKED,CONSENT_REVOKED,CONSENT_REVOKED,CONSENT_REVOKED,CONSENT_REVOKED,CONSENT_REVOKED
6908f1a5a86f6244118ab4c5,61076f9a8d1f2364f81675f5,RETURNED,Not Applicable,2025-11-03T18:17:56.995000Z,,,,,,2016,CONSENT_REVOKED,CONSENT_REVOKED,CONSENT_REVOKED,CONSENT_REVOKED,CONSENT_REVOKED,CONSENT_REVOKED,CONSENT_REVOKED,CONSENT_REVOKED,CONSENT_REVOKED
6908f1a83d5478456421244d,682498beb28b43fa10e34496,RETURNED,Not Applicable,2025-11-03T18:18:49.627000Z,,,,,,3402,CONSENT_REVOKED,CONSENT_REVOKED,CONSENT_REVOKED,CONSENT_REVOKED,CONSENT_REVOKED,CONSENT_REVOKED,CONSENT_REVOKED,CONSENT_REVOKED,CONSENT_REVOKED
6908f1bc06c30dc34015a75a,6792aeb9e5343cec82d86c19,RETURNED,Not Applicable,2025-11-03T18:17:38.639000Z,,,,,,1016,CONSENT_REVOKED,CONSENT_REVOKED,CONSENT_REVOKED,CONSENT_REVOKED,CONSENT_REVOKED,CONSENT_REVOKED,CONSENT_REVOKED,CONSENT_REVOKED,CONSENT_REVOKED
6908f1e98404fb489643646a,663a5cc1f775076b324606c6,RETURNED,Not Applicable,2025-11-03T18:18:36.506000Z,,,,,,6328,CONSENT_REVOKED,CONSENT_REVOKED,CONSENT_REVOKED,CONSENT_REVOKED,CONSENT_REVOKED,CONSENT_REVOKED,CONSENT_REVOKED,CONSENT_REVOKED,CONSENT_REVOKED
6908f2df444b243b9693a582,61095a37fbf7b13d6f7f2f5b,RETURNED,Not Applicable,2025-11-03T18:22:28.722000Z,,,,,,2729,CONSENT_REVOKED,CONSENT_REVOKED,CONSENT_REVOKED,CONSENT_REVOKED,CONSENT_REVOKED,CONSENT_REVOKED,CONSENT_REVOKED,CONSENT_REVOKED,CONSENT_REVOKED
6908f32869161386aeba2fa6,66362c599c58570d437989ca,RETURNED,Not Applicable,2025-11-03T18:24:05.748000Z,,,,,,2803,CONSENT_REVOKED,CONSENT_REVOKED,CONSENT_REVOKED,CONSENT_REVOKED,CONSENT_REVOKED,CONSENT_REVOKED,CONSENT_REVOKED,CONSENT_REVOKED,CONSENT_REVOKED
6908f3e824349167643b0bf8,665e0d4039fbf0b54bab1900,RETURNED,Not Applicable,2025-11-03T18:28:36.219000Z,,,,,,1641,CONSENT_REVOKED,CONSENT_REVOKED,CONSENT_REVOKED,CONSENT_REVOKED,CONSENT_REVOKED,CONSENT_REVOKED,CONSENT_REVOKED,CONSENT_REVOKED,CONSENT_REVOKED
6908f6712163a78510207453,67628abfa461bc8ff539c320,RETURNED,Not Applicable,2025-11-03T18:37:52.838000Z,2025-11-03T18:50:13.330000Z,,2025-11-03T18:50:13.761000Z,,C1GZ5JPY,2353,CONSENT_REVOKED,CONSENT_REVOKED,CONSENT_REVOKED,CONSENT_REVOKED,CONSENT_REVOKED,CONSENT_REVOKED,CONSENT_REVOKED,CONSENT_REVOKED,CONSENT_REVOKED
6908f686399c2e0816ac951f,67f3078347506a49d499c545,RETURNED,Not Applicable,2025-11-03T18:43:41.671000Z,,,,,,866,CONSENT_REVOKED,CONSENT_REVOKED,CONSENT_REVOKED,CONSENT_REVOKED,CONSENT_REVOKED,CONSENT_REVOKED,CONSENT_REVOKED,CONSENT_REVOKED,CONSENT_REVOKED
6908f6f75ee9488de0ac7178,65c16db75badf1513aea44fd,RETURNED,Not Applicable,2025-11-03T18:41:10.039000Z,,,,,,1141,CONSENT_REVOKED,CONSENT_REVOKED,CONSENT_REVOKED,CONSENT_REVOKED,CONSENT_REVOKED,CONSENT_REVOKED,CONSENT_REVOKED,CONSENT_REVOKED,CONSENT_REVOKED
6908f74297fe347fd8ac9565,67f06f75656045f7ba73ac11,RETURNED,Not Applicable,2025-11-03T18:44:47.349000Z,,,,,,515,CONSENT_REVOKED,CONSENT_REVOKED,CONSENT_REVOKED,CONSENT_REVOKED,CONSENT_REVOKED,CONSENT_REVOKED,CONSENT_REVOKED,CONSENT_REVOKED,CONSENT_REVOKED
6908f7ef7372e058b2e75305,5ac50a19a3ba7a0001b4a483,RETURNED,Not Applicable,2025-11-03T18:44:06.085000Z,,,,,,4086,CONSENT_REVOKED,CONSENT_REVOKED,CONSENT_REVOKED,CONSENT_REVOKED,CONSENT_REVOKED,CONSENT_REVOKED,CONSENT_REVOKED,CONSENT_REVOKED,CONSENT_REVOKED
6908f834ea78d33ae46071a9,67e0977dda2e47eafce0f06a,RETURNED,Not Applicable,2025-11-03T18:45:17.693000Z,2025-11-03T20:49:14.994000Z,,2025-11-03T20:49:15.396000Z,,C1GZ5JPY,661,CONSENT_REVOKED,CONSENT_REVOKED,CONSENT_REVOKED,CONSENT_REVOKED,CONSENT_REVOKED,CONSENT_REVOKED,CONSENT_REVOKED,CONSENT_REVOKED,CONSENT_REVOKED
6908f8b9729125dee1492b37,6728f3d973b4504d88a81299,RETURNED,Not Applicable,2025-11-03T18:50:39.808000Z,,,,,,987,CONSENT_REVOKED,CONSENT_REVOKED,CONSENT_REVOKED,CONSENT_REVOKED,CONSENT_REVOKED,CONSENT_REVOKED,CONSENT_REVOKED,CONSENT_REVOKED,CONSENT_REVOKED
6908f96c202e55446e51f211,6754212bee2fa6f30842fb86,RETURNED,Not Applicable,2025-11-03T18:50:20.679000Z,,,,,,1018,CONSENT_REVOKED,CONSENT_REVOKED,CONSENT_REVOKED,CONSENT_REVOKED,CONSENT_REVOKED,CONSENT_REVOKED,CONSENT_REVOKED,CONSENT_REVOKED,CONSENT_REVOKED
6908f9a8b2ce1fa41637d6ea,67ad3b723dcec072cfdf7815,RETURNED,Not Applicable,2025-11-03T18:51:20.766000Z,,,,,,863,CONSENT_REVOKED,CONSENT_REVOKED,CONSENT_REVOKED,CONSENT_REVOKED,CONSENT_REVOKED,CONSENT_REVOKED,CONSENT_REVOKED,CONSENT_REVOKED,CONSENT_REVOKED
6908fa7981bd49c74ff6e819,67839a9f3657ad5351a92bb6,RETURNED,Not Applicable,2025-11-03T19:00:58.040000Z,,,,,,1991,CONSENT_REVOKED,CONSENT_REVOKED,CONSENT_REVOKED,CONSENT_REVOKED,CONSENT_REVOKED,CONSENT_REVOKED,CONSENT_REVOKED,CONSENT_REVOKED,CONSENT_REVOKED
6908fa9f02789639b583cc04,663b52235d299050aeb29aca,RETURNED,Not Applicable,2025-11-03T18:59:40.943000Z,,,,,,1143,CONSENT_REVOKED,CONSENT_REVOKED,CONSENT_REVOKED,CONSENT_REVOKED,CONSENT_REVOKED,CONSENT_REVOKED,CONSENT_REVOKED,CONSENT_REVOKED,CONSENT_REVOKED
6908fb0c0c407f3b28a6c3d1,67dcb6032b8d2b63d2c8ec04,RETURNED,Not Applicable,2025-11-03T18:57:16.706000Z,2025-11-03T19:15:17.478000Z,,2025-11-03T19:15:18.035000Z,,C79UNFD2,893,CONSENT_REVOKED,CONSENT_REVOKED,CONSENT_REVOKED,CONSENT_REVOKED,CONSENT_REVOKED,CONSENT_REVOKED,CONSENT_REVOKED,CONSENT_REVOKED,CONSENT_REVOKED
6908fbaaca2030aa426cbf97,5d90298097a2130015f3fa3c,RETURNED,Not Applicable,2025-11-03T19:00:11.574000Z,,,,,,3493,CONSENT_REVOKED,CONSENT_REVOKED,CONSENT_REVOKED,CONSENT_REVOKED,CONSENT_REVOKED,CONSENT_REVOKED,CONSENT_REVOKED,CONSENT_REVOKED,CONSENT_REVOKED
6908fc1e3b1ddd2b747edfd5,5c284ae48e845b0001fc40aa,RETURNED,Not Applicable,2025-11-03T19:02:02.605000Z,,,,,,3443,CONSENT_REVOKED,CONSENT_REVOKED,CONSENT_REVOKED,CONSENT_REVOKED,CONSENT_REVOKED,CONSENT_REVOKED,CONSENT_REVOKED,CONSENT_REVOKED,CONSENT_REVOKED
6908fcf0770c93076cd2281e,67bc755b022467c613763798,RETURNED,Not Applicable,2025-11-03T19:05:20.574000Z,,,,,,1514,CONSENT_REVOKED,CONSENT_REVOKED,CONSENT_REVOKED,CONSENT_REVOKED,CONSENT_REVOKED,CONSENT_REVOKED,CONSENT_REVOKED,CONSENT_REVOKED,CONSENT_REVOKED
6908feaf2e20369223741734,663a5d2dd34528e2a1de0e30,RETURNED,Not Applicable,2025-11-03T19:12:51.172000Z,,,,,,463,CONSENT_REVOKED,CONSENT_REVOKED,CONSENT_REVOKED,CONSENT_REVOKED,CONSENT_REVOKED,CONSENT_REVOKED,CONSENT_REVOKED,CONSENT_REVOKED,CONSENT_REVOKED
6908ff48aae612acc3867005,65c11f6098be0f40918869d2,RETURNED,Not Applicable,2025-11-03T19:17:50.091000Z,,,,,,4510,CONSENT_REVOKED,CONSENT_REVOKED,CONSENT_REVOKED,CONSENT_REVOKED,CONSENT_REVOKED,CONSENT_REVOKED,CONSENT_REVOKED,CONSENT_REVOKED,CONSENT_REVOKED
6908fffed078c2233d492036,67d948e62910db37769361b0,RETURNED,Not Applicable,,,,,,,843,CONSENT_REVOKED,CONSENT_REVOKED,CONSENT_REVOKED,CONSENT_REVOKED,CONSENT_REVOKED,CONSENT_REVOKED,CONSENT_REVOKED,CONSENT_REVOKED,CONSENT_REVOKED
6909016cfb4efa4dde96eb5c,672bee76481ff9ce73293a6b,RETURNED,Not Applicable,2025-11-03T19:24:38.150000Z,,,,,,1685,CONSENT_REVOKED,CONSENT_REVOKED,CONSENT_REVOKED,CONSENT_REVOKED,CONSENT_REVOKED,CONSENT_REVOKED,CONSENT_REVOKED,CONSENT_REVOKED,CONSENT_REVOKED
6909018c30f170cb44295518,67098fef9901cb191a8cdacb,RETURNED,Not Applicable,2025-11-03T19:25:00.215000Z,,,,,,1041,CONSENT_REVOKED,CONSENT_REVOKED,CONSENT_REVOKED,CONSENT_REVOKED,CONSENT_REVOKED,CONSENT_REVOKED,CONSENT_REVOKED,CONSENT_REVOKED,CONSENT_REVOKED
6909018d865ec4ce76ee51a2,67e07f02e641c7d1916c9f58,RETURNED,Not Applicable,2025-11-03T19:25:47.633000Z,,,,,,1337,CONSENT_REVOKED,CONSENT_REVOKED,CONSENT_REVOKED,CONSENT_REVOKED,CONSENT_REVOKED,CONSENT_REVOKED,CONSENT_REVOKED,CONSENT_REVOKED,CONSENT_REVOKED
690903509ea553cf9f79a98e,628682de4bd770520715a2f9,RETURNED,Not Applicable,2025-11-03T19:33:18.586000Z,,,,,,822,CONSENT_REVOKED,CONSENT_REVOKED,CONSENT_REVOKED,CONSENT_REVOKED,CONSENT_REVOKED,CONSENT_REVOKED,CONSENT_REVOKED,CONSENT_REVOKED,CONSENT_REVOKED
690903a44dd5ee6d5a35f694,67ac8fed510a8ad686266b4d,RETURNED,Not Applicable,,,,,,,254,CONSENT_REVOKED,CONSENT_REVOKED,CONSENT_REVOKED,CONSENT_REVOKED,CONSENT_REVOKED,CONSENT_REVOKED,CONSENT_REVOKED,CONSENT_REVOKED,CONSENT_REVOKED
690903f7d0a69ce997e7541f,67f302367b115d1edb94f0b0,RETURNED,Not Applicable,2025-11-03T19:43:38.639000Z,,,,,,2032,CONSENT_REVOKED,CONSENT_REVOKED,CONSENT_REVOKED,CONSENT_REVOKED,CONSENT_REVOKED,CONSENT_REVOKED,CONSENT_REVOKED,CONSENT_REVOKED,CONSENT_REVOKED
6909048f1770335a90e571e5,67ed2106f011777be169710e,RETURNED,Not Applicable,2025-11-03T19:48:00.018000Z,,,,,,1069,CONSENT_REVOKED,CONSENT_REVOKED,CONSENT_REVOKED,CONSENT_REVOKED,CONSENT_REVOKED,CONSENT_REVOKED,CONSENT_REVOKED,CONSENT_REVOKED,CONSENT_REVOKED
69090772da42d5fe74f84c6a,6734d7383c5a0040f6283654,RETURNED,Not Applicable,2025-11-03T20:00:08.736000Z,,,,,,788,CONSENT_REVOKED,CONSENT_REVOKED,CONSENT_REVOKED,CONSENT_REVOKED,CONSENT_REVOKED,CONSENT_REVOKED,CONSENT_REVOKED,CONSENT_REVOKED,CONSENT_REVOKED
690907a9126bfc0a864c92df,672fd24711f758e7a04ac043,RETURNED,Not Applicable,2025-11-03T19:52:39.889000Z,,,,,,4295,CONSENT_REVOKED,CONSENT_REVOKED,CONSENT_REVOKED,CONSENT_REVOKED,CONSENT_REVOKED,CONSENT_REVOKED,CONSENT_REVOKED,CONSENT_REVOKED,CONSENT_REVOKED
690910715fe40bd37f778184,6629396552374517c5c62d8f,RETURNED,Not Applicable,2025-11-03T20:28:39.316000Z,,,,,,2672,CONSENT_REVOKED,CONSENT_REVOKED,CONSENT_REVOKED,CONSENT_REVOKED,CONSENT_REVOKED,CONSENT_REVOKED,CONSENT_REVOKED,CONSENT_REVOKED,CONSENT_REVOKED
690912ed04a657710061df46,665e13453c02a3bddea07cfd,RETURNED,Not Applicable,2025-11-03T20:46:55.618000Z,,,,,,2514,CONSENT_REVOKED,CONSENT_REVOKED,CONSENT_REVOKED,CONSENT_REVOKED,CONSENT_REVOKED,CONSENT_REVOKED,CONSENT_REVOKED,CONSENT_REVOKED,CONSENT_REVOKED
690915f9f0f4ad5dbc8e3a94,5c2c62542c45d400014a32e6,RETURNED,Not Applicable,2025-11-03T20:52:15.858000Z,,,,,,11936,CONSENT_REVOKED,CONSENT_REVOKED,CONSENT_REVOKED,CONSENT_REVOKED,CONSENT_REVOKED,CONSENT_REVOKED,CONSENT_REVOKED,CONSENT_REVOKED,CONSENT_REVOKED
6909166f84ca5271f1ada378,65e33239b5fa3ca93950aa67,RETURNED,Not Applicable,2025-11-03T20:54:11.812000Z,,,,,,3267,CONSENT_REVOKED,CONSENT_REVOKED,CONSENT_REVOKED,CONSENT_REVOKED,CONSENT_REVOKED,CONSENT_REVOKED,CONSENT_REVOKED,CONSENT_REVOKED,CONSENT_REVOKED
69091727b99be24291b2d601,60fd335057cabc293d69bd29,RETURNED,Not Applicable,2025-11-03T20:57:14.436000Z,,,,,,711,CONSENT_REVOKED,CONSENT_REVOKED,CONSENT_REVOKED,CONSENT_REVOKED,CONSENT_REVOKED,CONSENT_REVOKED,CONSENT_REVOKED,CONSENT_REVOKED,CONSENT_REVOKED
69091779e030afce04d159a3,6726ab04b0d80cbe074f2afc,RETURNED,Not Applicable,2025-11-03T20:59:35.813000Z,,,,,,1420,CONSENT_REVOKED,CONSENT_REVOKED,CONSENT_REVOKED,CONSENT_REVOKED,CONSENT_REVOKED,CONSENT_REVOKED,CONSENT_REVOKED,CONSENT_REVOKED,CONSENT_REVOKED
6909180797fe347fd8ac9893,67cb3cf25f6ee9d77f22a665,RETURNED,Not Applicable,2025-11-03T21:01:57.671000Z,,,,,,698,CONSENT_REVOKED,CONSENT_REVOKED,CONSENT_REVOKED,CONSENT_REVOKED,CONSENT_REVOKED,CONSENT_REVOKED,CONSENT_REVOKED,CONSENT_REVOKED,CONSENT_REVOKED
69091a15f7ef4494c3e5373e,67294a9141e1aef9d72b7d24,RETURNED,Not Applicable,2025-11-03T21:09:45.304000Z,,,,,,1640,CONSENT_REVOKED,CONSENT_REVOKED,CONSENT_REVOKED,CONSENT_REVOKED,CONSENT_REVOKED,CONSENT_REVOKED,CONSENT_REVOKED,CONSENT_REVOKED,CONSENT_REVOKED
69091aa982f697242bce511e,67df453b924dec242ee417f2,RETURNED,Not Applicable,2025-11-03T21:12:17.907000Z,2025-11-03T21:31:46.055000Z,,2025-11-03T21:31:46.414000Z,,C1GZ5JPY,2438,CONSENT_REVOKED,CONSENT_REVOKED,CONSENT_REVOKED,CONSENT_REVOKED,CONSENT_REVOKED,CONSENT_REVOKED,CONSENT_REVOKED,CONSENT_REVOKED,CONSENT_REVOKED
69091c33bc6084f5fee535c0,67cf0c70aa43b13b6168ecbf,RETURNED,Not Applicable,2025-11-03T21:18:48.063000Z,,,,,,4550,CONSENT_REVOKED,CONSENT_REVOKED,CONSENT_REVOKED,CONSENT_REVOKED,CONSENT_REVOKED,CONSENT_REVOKED,CONSENT_REVOKED,CONSENT_REVOKED,CONSENT_REVOKED
69091e9821cfea69e44f5224,6415e72ceb0a49e26846e935,RETURNED,Not Applicable,2025-11-03T21:29:27.489000Z,,,,,,778,CONSENT_REVOKED,CONSENT_REVOKED,CONSENT_REVOKED,CONSENT_REVOKED,CONSENT_REVOKED,CONSENT_REVOKED,CONSENT_REVOKED,CONSENT_REVOKED,CONSENT_REVOKED
690922671cd5bc3c85bd32e5,63616640b17046286153dad8,RETURNED,Not Applicable,2025-11-03T21:51:17.448000Z,,,,,,393,CONSENT_REVOKED,CONSENT_REVOKED,CONSENT_REVOKED,CONSENT_REVOKED,CONSENT_REVOKED,CONSENT_REVOKED,CONSENT_REVOKED,CONSENT_REVOKED,CONSENT_REVOKED
690922b69ac722fb7c39c44b,610055ffe4d2514e9cf1073f,RETURNED,Not Applicable,2025-11-03T21:46:42.290000Z,,,,,,3454,CONSENT_REVOKED,CONSENT_REVOKED,CONSENT_REVOKED,CONSENT_REVOKED,CONSENT_REVOKED,CONSENT_REVOKED,CONSENT_REVOKED,CONSENT_REVOKED,CONSENT_REVOKED
690922c91120b2f83823f7eb,60e8a63f733f423be3da1846,RETURNED,Not Applicable,2025-11-03T21:47:03.325000Z,,,,,,2583,CONSENT_REVOKED,CONSENT_REVOKED,CONSENT_REVOKED,CONSENT_REVOKED,CONSENT_REVOKED,CONSENT_REVOKED,CONSENT_REVOKED,CONSENT_REVOKED,CONSENT_REVOKED
690922d57975ea28245d6887,678a406859e436e14f1b1deb,RETURNED,Not Applicable,2025-11-03T21:47:09.168000Z,,,,,,1887,CONSENT_REVOKED,CONSENT_REVOKED,CONSENT_REVOKED,CONSENT_REVOKED,CONSENT_REVOKED,CONSENT_REVOKED,CONSENT_REVOKED,CONSENT_REVOKED,CONSENT_REVOKED
690a41532241d0d92454dc64,673254169a08a9ab7fdbb888,RETURNED,Not Applicable,2025-11-04T18:09:38.198000Z,,,,,,2928,CONSENT_REVOKED,CONSENT_REVOKED,CONSENT_REVOKED,CONSENT_REVOKED,CONSENT_REVOKED,CONSENT_REVOKED,CONSENT_REVOKED,CONSENT_REVOKED,CONSENT_REVOKED
690a4c099a4cdabf9d1561ea,5712a503ba4da20011c0132f,RETURNED,Not Applicable,2025-11-04T18:55:12.322000Z,,,,,,4086,CONSENT_REVOKED,CONSENT_REVOKED,CONSENT_REVOKED,CONSENT_REVOKED,CONSENT_REVOKED,CONSENT_REVOKED,CONSENT_REVOKED,CONSENT_REVOKED,CONSENT_REVOKED
690a4c831331e08a25b94bfc,6770ffcfea4254c4597bb0c5,RETURNED,Not Applicable,,,,,,,162,CONSENT_REVOKED,CONSENT_REVOKED,CONSENT_REVOKED,CONSENT_REVOKED,CONSENT_REVOKED,CONSENT_REVOKED,CONSENT_REVOKED,CONSENT_REVOKED,CONSENT_REVOKED
690a4c8f2557830adb8022df,55aa9c8dfdf99b634b427b9a,RETURNED,Not Applicable,2025-11-04T18:57:22.590000Z,,,,,,2151,CONSENT_REVOKED,CONSENT_REVOKED,CONSENT_REVOKED,CONSENT_REVOKED,CONSENT_REVOKED,CONSENT_REVOKED,CONSENT_REVOKED,CONSENT_REVOKED,CONSENT_REVOKED
690a4cbc5a36289637252ac0,6785814920d441d51253393c,RETURNED,Not Applicable,2025-11-04T18:58:04.195000Z,,,,,,2019,CONSENT_REVOKED,CONSENT_REVOKED,CONSENT_REVOKED,CONSENT_REVOKED,CONSENT_REVOKED,CONSENT_REVOKED,CONSENT_REVOKED,CONSENT_REVOKED,CONSENT_REVOKED
690a556acf0bf0103ca0d7ae,67e04fb6a0a0f7c68d0cb905,RETURNED,Not Applicable,2025-11-04T19:35:15.026000Z,,,,,,1169,CONSENT_REVOKED,CONSENT_REVOKED,CONSENT_REVOKED,CONSENT_REVOKED,CONSENT_REVOKED,CONSENT_REVOKED,CONSENT_REVOKED,CONSENT_REVOKED,CONSENT_REVOKED
690a591593515cd2d8c04e29,5f726103e138fe19277a7d0f,RETURNED,Not Applicable,2025-11-04T19:51:01.725000Z,,,,,,1764,CONSENT_REVOKED,CONSENT_REVOKED,CONSENT_REVOKED,CONSENT_REVOKED,CONSENT_REVOKED,CONSENT_REVOKED,CONSENT_REVOKED,CONSENT_REVOKED,CONSENT_REVOKED
690a598e430a8b4af7b4a03d,67f000137a872d98794640b1,RETURNED,Not Applicable,2025-11-04T19:52:52.569000Z,,,,,,827,CONSENT_REVOKED,CONSENT_REVOKED,CONSENT_REVOKED,CONSENT_REVOKED,CONSENT_REVOKED,CONSENT_REVOKED,CONSENT_REVOKED,CONSENT_REVOKED,CONSENT_REVOKED
690a61b58893ac9977edc525,63b6be5e93fb553e9f17f8a6,RETURNED,Not Applicable,2025-11-04T20:27:37.126000Z,,,,,,1231,CONSENT_REVOKED,CONSENT_REVOKED,CONSENT_REVOKED,CONSENT_REVOKED,CONSENT_REVOKED,CONSENT_REVOKED,CONSENT_REVOKED,CONSENT_REVOKED,CONSENT_REVOKED
690a62dc4fee9ab3ea4e4656,6751dc7082001cddf839b91b,RETURNED,Not Applicable,2025-11-04T20:32:49.917000Z,,,,,,582,CONSENT_REVOKED,CONSENT_REVOKED,CONSENT_REVOKED,CONSENT_REVOKED,CONSENT_REVOKED,CONSENT_REVOKED,CONSENT_REVOKED,CONSENT_REVOKED,CONSENT_REVOKED
690a6592e43fca3761ca253f,67446a0309a2bfd11c4ac73d,RETURNED,Not Applicable,,,,,,,724,CONSENT_REVOKED,CONSENT_REVOKED,CONSENT_REVOKED,CONSENT_REVOKED,CONSENT_REVOKED,CONSENT_REVOKED,CONSENT_REVOKED,CONSENT_REVOKED,CONSENT_REVOKED
690a65a5855861dec17a1e8e,669d8b26896ecc9457727c9f,RETURNED,Not Applicable,2025-11-04T20:44:28.142000Z,,,,,,2172,CONSENT_REVOKED,CONSENT_REVOKED,CONSENT_REVOKED,CONSENT_REVOKED,CONSENT_REVOKED,CONSENT_REVOKED,CONSENT_REVOKED,CONSENT_REVOKED,CONSENT_REVOKED
690a6b2f7af52efec70a3465,675b37b0100714ba57d0fa21,RETURNED,Not Applicable,2025-11-04T21:10:34.849000Z,,,,,,398,CONSENT_REVOKED,CONSENT_REVOKED,CONSENT_REVOKED,CONSENT_REVOKED,CONSENT_REVOKED,CONSENT_REVOKED,CONSENT_REVOKED,CONSENT_REVOKED,CONSENT_REVOKED
690a745a03c413edc4062283,610b665dfa80ae760e927f8e,RETURNED,Not Applicable,2025-11-04T21:47:21.729000Z,,,,,,1750,CONSENT_REVOKED,CONSENT_REVOKED,CONSENT_REVOKED,CONSENT_REVOKED,CONSENT_REVOKED,CONSENT_REVOKED,CONSENT_REVOKED,CONSENT_REVOKED,CONSENT_REVOKED
690a75e2eda5fd716e745269,674c8549a9fd90b7c8dda9d3,RETURNED,Not Applicable,2025-11-04T21:54:04.590000Z,,,,,,5683,CONSENT_REVOKED,CONSENT_REVOKED,CONSENT_REVOKED,CONSENT_REVOKED,CONSENT_REVOKED,CONSENT_REVOKED,CONSENT_REVOKED,CONSENT_REVOKED,CONSENT_REVOKED
690a771adb4d2ffba93792c8,60ce15b1956bb0e5e00098ea,RETURNED,Not Applicable,2025-11-04T21:59:15.565000Z,,,,,,3028,CONSENT_REVOKED,CONSENT_REVOKED,CONSENT_REVOKED,CONSENT_REVOKED,CONSENT_REVOKED,CONSENT_REVOKED,CONSENT_REVOKED,CONSENT_REVOKED,CONSENT_REVOKED
690a77b2cca83dcf69975ce3,6727e176e5f011b020a6a2db,RETURNED,Not Applicable,2025-11-04T22:01:39.868000Z,,,,,,1322,CONSENT_REVOKED,CONSENT_REVOKED,CONSENT_REVOKED,CONSENT_REVOKED,CONSENT_REVOKED,CONSENT_REVOKED,CONSENT_REVOKED,CONSENT_REVOKED,CONSENT_REVOKED
690a795570b1e126bb7fb867,668694fa5cc160b72055a095,RETURNED,Not Applicable,2025-11-04T22:09:45.753000Z,,,,,,2080,CONSENT_REVOKED,CONSENT_REVOKED,CONSENT_REVOKED,CONSENT_REVOKED,CONSENT_REVOKED,CONSENT_REVOKED,CONSENT_REVOKED,CONSENT_REVOKED,CONSENT_REVOKED
690a7b32c5c9c412f3b0a6a2,6100575395cc819a27603c94,RETURNED,Not Applicable,2025-11-04T22:16:23.338000Z,,,,,,966,CONSENT_REVOKED,CONSENT_REVOKED,CONSENT_REVOKED,CONSENT_REVOKED,CONSENT_REVOKED,CONSENT_REVOKED,CONSENT_REVOKED,CONSENT_REVOKED,CONSENT_REVOKED
690a7c15f14e2fb90bb0f2bb,67accaf5ece612d8f19b39ac,RETURNED,Not Applicable,2025-11-04T22:20:33.034000Z,,,,,,3510,CONSENT_REVOKED,CONSENT_REVOKED,CONSENT_REVOKED,CONSENT_REVOKED,CONSENT_REVOKED,CONSENT_REVOKED,CONSENT_REVOKED,CONSENT_REVOKED,CONSENT_REVOKED
690a7d5ad1c4a40f0d3ee9cd,67588df7242d02a6ae8e3fbf,RETURNED,Not Applicable,2025-11-04T22:25:42.087000Z,,,,,,706,CONSENT_REVOKED,CONSENT_REVOKED,CONSENT_REVOKED,CONSENT_REVOKED,CONSENT_REVOKED,CONSENT_REVOKED,CONSENT_REVOKED,CONSENT_REVOKED,CONSENT_REVOKED
690a7e00985f843f1395e095,67901f88600a4a86b07e5d99,RETURNED,Not Applicable,2025-11-04T22:28:54.598000Z,,,,,,867,CONSENT_REVOKED,CONSENT_REVOKED,CONSENT_REVOKED,CONSENT_REVOKED,CONSENT_REVOKED,CONSENT_REVOKED,CONSENT_REVOKED,CONSENT_REVOKED,CONSENT_REVOKED
690a807c0f91a5665e7185c4,67e065974c85fbeb5f9f43be,RETURNED,Not Applicable,2025-11-04T22:39:40.057000Z,,,,,,1497,CONSENT_REVOKED,CONSENT_REVOKED,CONSENT_REVOKED,CONSENT_REVOKED,CONSENT_REVOKED,CONSENT_REVOKED,CONSENT_REVOKED,CONSENT_REVOKED,CONSENT_REVOKED
690a85666bcf92b901f36ad1,67f080382c31132cfbb584e6,RETURNED,Not Applicable,2025-11-04T23:00:46.205000Z,,,,,,1322,CONSENT_REVOKED,CONSENT_REVOKED,CONSENT_REVOKED,CONSENT_REVOKED,CONSENT_REVOKED,CONSENT_REVOKED,CONSENT_REVOKED,CONSENT_REVOKED,CONSENT_REVOKED
690a944424c2af34bf9d49bb,675f58e13946fe2bb772e10d,RETURNED,Not Applicable,2025-11-05T00:03:42.561000Z,,,,,,690,CONSENT_REVOKED,CONSENT_REVOKED,CONSENT_REVOKED,CONSENT_REVOKED,CONSENT_REVOKED,CONSENT_REVOKED,CONSENT_REVOKED,CONSENT_REVOKED,CONSENT_REVOKED
690a996a9d7cea19196c080f,5d546b473bbbbe001b43719c,RETURNED,Not Applicable,2025-11-05T00:25:32.025000Z,,,,,,1360,CONSENT_REVOKED,CONSENT_REVOKED,CONSENT_REVOKED,CONSENT_REVOKED,CONSENT_REVOKED,CONSENT_REVOKED,CONSENT_REVOKED,CONSENT_REVOKED,CONSENT_REVOKED
690a9a22eecac71c7b0af703,5d3969b6075f5700185d44b3,RETURNED,Not Applicable,2025-11-05T00:28:59.167000Z,,,,,,860,CONSENT_REVOKED,CONSENT_REVOKED,CONSENT_REVOKED,CONSENT_REVOKED,CONSENT_REVOKED,CONSENT_REVOKED,CONSENT_REVOKED,CONSENT_REVOKED,CONSENT_REVOKED
690a9bd1863d934696576446,5fb8b141a2e5dd63494c80f1,RETURNED,Not Applicable,2025-11-05T00:35:34.121000Z,,,,,,5715,CONSENT_REVOKED,CONSENT_REVOKED,CONSENT_REVOKED,CONSENT_REVOKED,CONSENT_REVOKED,CONSENT_REVOKED,CONSENT_REVOKED,CONSENT_REVOKED,CONSENT_REVOKED
690a9d7cc9f33d5056367f34,6314e875f7c98f1d344b2e3f,RETURNED,Not Applicable,2025-11-05T00:42:42.948000Z,,,,,,2619,CONSENT_REVOKED,CONSENT_REVOKED,CONSENT_REVOKED,CONSENT_REVOKED,CONSENT_REVOKED,CONSENT_REVOKED,CONSENT_REVOKED,CONSENT_REVOKED,CONSENT_REVOKED
690aa5c3cb6816d4fe1be381,665a6eec96c21bcfc83ccaf7,RETURNED,Not Applicable,2025-11-05T01:18:40.220000Z,,,,,,400,CONSENT_REVOKED,CONSENT_REVOKED,CONSENT_REVOKED,CONSENT_REVOKED,CONSENT_REVOKED,CONSENT_REVOKED,CONSENT_REVOKED,CONSENT_REVOKED,CONSENT_REVOKED
690aa7e194f3f0a6cab0f997,65bf9aeb592e888df327d648,RETURNED,Not Applicable,2025-11-05T01:27:17.306000Z,,,,,,1065,CONSENT_REVOKED,CONSENT_REVOKED,CONSENT_REVOKED,CONSENT_REVOKED,CONSENT_REVOKED,CONSENT_REVOKED,CONSENT_REVOKED,CONSENT_REVOKED,CONSENT_REVOKED
690aa9cda371779ec15803da,67f8607be129189cd9ea4c0a,RETURNED,Not Applicable,2025-11-05T01:40:11.920000Z,,,,,,4672,CONSENT_REVOKED,CONSENT_REVOKED,CONSENT_REVOKED,CONSENT_REVOKED,CONSENT_REVOKED,CONSENT_REVOKED,CONSENT_REVOKED,CONSENT_REVOKED,CONSENT_REVOKED
690aaf68b60909df4be71239,677854dbd2b90a23d27188f3,RETURNED,Not Applicable,2025-11-05T01:59:18.825000Z,,,,,,745,CONSENT_REVOKED,CONSENT_REVOKED,CONSENT_REVOKED,CONSENT_REVOKED,CONSENT_REVOKED,CONSENT_REVOKED,CONSENT_REVOKED,CONSENT_REVOKED,CONSENT_REVOKED
690ab01c50b8728cba7d43af,657daec012d4254e4dc6f89f,RETURNED,Not Applicable,2025-11-05T02:02:32.589000Z,,,,,,3077,CONSENT_REVOKED,CONSENT_REVOKED,CONSENT_REVOKED,CONSENT_REVOKED,CONSENT_REVOKED,CONSENT_REVOKED,CONSENT_REVOKED,CONSENT_REVOKED,CONSENT_REVOKED
690ab1ccddef50a993939bfb,6742864af334030ad769a482,RETURNED,Not Applicable,2025-11-05T02:09:55.449000Z,,,,,,1698,CONSENT_REVOKED,CONSENT_REVOKED,CONSENT_REVOKED,CONSENT_REVOKED,CONSENT_REVOKED,CONSENT_REVOKED,CONSENT_REVOKED,CONSENT_REVOKED,CONSENT_REVOKED
690ab2e946316aec26e2739c,5f0ec8be70489322b9cb26f1,RETURNED,Not Applicable,2025-11-05T02:14:15.573000Z,,,,,,1378,CONSENT_REVOKED,CONSENT_REVOKED,CONSENT_REVOKED,CONSENT_REVOKED,CONSENT_REVOKED,CONSENT_REVOKED,CONSENT_REVOKED,CONSENT_REVOKED,CONSENT_REVOKED
690ab6913f8b16f685723c80,5d5daa0457be9400014544ab,RETURNED,Not Applicable,2025-11-05T02:29:41.875000Z,,,,,,1634,CONSENT_REVOKED,CONSENT_REVOKED,CONSENT_REVOKED,CONSENT_REVOKED,CONSENT_REVOKED,CONSENT_REVOKED,CONSENT_REVOKED,CONSENT_REVOKED,CONSENT_REVOKED
690ab7ca2d1cf28d69488bb6,6144ab51772141e13207c861,RETURNED,Not Applicable,2025-11-05T02:34:59.455000Z,,,,,,907,CONSENT_REVOKED,CONSENT_REVOKED,CONSENT_REVOKED,CONSENT_REVOKED,CONSENT_REVOKED,CONSENT_REVOKED,CONSENT_REVOKED,CONSENT_REVOKED,CONSENT_REVOKED
690abad1db4d2ffba9379664,6729755f9a2fac886980e7c1,RETURNED,Not Applicable,2025-11-05T02:48:01.219000Z,,,,,,1168,CONSENT_REVOKED,CONSENT_REVOKED,CONSENT_REVOKED,CONSENT_REVOKED,CONSENT_REVOKED,CONSENT_REVOKED,CONSENT_REVOKED,CONSENT_REVOKED,CONSENT_REVOKED
690abe54e99b849dc09c10f5,671d553e0d035028da7d29a1,RETURNED,Not Applicable,2025-11-05T03:05:44.308000Z,,,,,,4286,CONSENT_REVOKED,CONSENT_REVOKED,CONSENT_REVOKED,CONSENT_REVOKED,CONSENT_REVOKED,CONSENT_REVOKED,CONSENT_REVOKED,CONSENT_REVOKED,CONSENT_REVOKED
690ac1bf960e0f60d074a650,664c2be93f0c45b03883703a,RETURNED,Not Applicable,2025-11-05T03:17:49.159000Z,,,,,,1025,CONSENT_REVOKED,CONSENT_REVOKED,CONSENT_REVOKED,CONSENT_REVOKED,CONSENT_REVOKED,CONSENT_REVOKED,CONSENT_REVOKED,CONSENT_REVOKED,CONSENT_REVOKED
690ac466a0efb34f4af6dc64,67d1f22e4a4e2154f7069121,RETURNED,Not Applicable,2025-11-05T03:28:38.427000Z,,,,,,550,CONSENT_REVOKED,CONSENT_REVOKED,CONSENT_REVOKED,CONSENT_REVOKED,CONSENT_REVOKED,CONSENT_REVOKED,CONSENT_REVOKED,CONSENT_REVOKED,CONSENT_REVOKED
690ad3584b8322f7c7091d04,6054e5f7c1931593649b158f,RETURNED,Not Applicable,2025-11-05T04:32:30.535000Z,,,,,,5866,CONSENT_REVOKED,CONSENT_REVOKED,CONSENT_REVOKED,CONSENT_REVOKED,CONSENT_REVOKED,CONSENT_REVOKED,CONSENT_REVOKED,CONSENT_REVOKED,CONSENT_REVOKED
690ad3abc566046e1b182ce7,67d5eb0b8ec16cc847b4593a,RETURNED,Not Applicable,2025-11-05T04:33:56.226000Z,,,,,,3488,CONSENT_REVOKED,CONSENT_REVOKED,CONSENT_REVOKED,CONSENT_REVOKED,CONSENT_REVOKED,CONSENT_REVOKED,CONSENT_REVOKED,CONSENT_REVOKED,CONSENT_REVOKED
690ad53156f005b125ebe912,6771ff8ec9ba55882b8c525c,RETURNED,Not Applicable,2025-11-05T04:40:40.548000Z,,,,,,854,CONSENT_REVOKED,CONSENT_REVOKED,CONSENT_REVOKED,CONSENT_REVOKED,CONSENT_REVOKED,CONSENT_REVOKED,CONSENT_REVOKED,CONSENT_REVOKED,CONSENT_REVOKED
690ad78c1a71de07288aa467,6722eef32b56e5e35a6f896b,RETURNED,Not Applicable,2025-11-05T04:50:28.140000Z,,,,,,73,CONSENT_REVOKED,CONSENT_REVOKED,CONSENT_REVOKED,CONSENT_REVOKED,CONSENT_REVOKED,CONSENT_REVOKED,CONSENT_REVOKED,CONSENT_REVOKED,CONSENT_REVOKED
690ad8c6ef9332f8a963c653,68dd6ada1c06b7f58ff4020c,RETURNED,Not Applicable,2025-11-05T04:55:44.347000Z,,,,,,586,CONSENT_REVOKED,CONSENT_REVOKED,CONSENT_REVOKED,CONSENT_REVOKED,CONSENT_REVOKED,CONSENT_REVOKED,CONSENT_REVOKED,CONSENT_REVOKED,CONSENT_REVOKED
690ada74a50480d5a8e70cc5,664652ddda67a00a585caca5,RETURNED,Not Applicable,2025-11-05T05:13:00.009000Z,,,,,,410,CONSENT_REVOKED,CONSENT_REVOKED,CONSENT_REVOKED,CONSENT_REVOKED,CONSENT_REVOKED,CONSENT_REVOKED,CONSENT_REVOKED,CONSENT_REVOKED,CONSENT_REVOKED
690add0e9ff6d95f95c16b00,67aa03d05117563946698a3b,RETURNED,Not Applicable,2025-11-05T05:13:53.955000Z,,,,,,695,CONSENT_REVOKED,CONSENT_REVOKED,CONSENT_REVOKED,CONSENT_REVOKED,CONSENT_REVOKED,CONSENT_REVOKED,CONSENT_REVOKED,CONSENT_REVOKED,CONSENT_REVOKED
690addbc2cccf315418f68ac,65c3f360fcf6271a0c51801e,RETURNED,Not Applicable,2025-11-05T05:16:50.312000Z,,,,,,1306,CONSENT_REVOKED,CONSENT_REVOKED,CONSENT_REVOKED,CONSENT_REVOKED,CONSENT_REVOKED,CONSENT_REVOKED,CONSENT_REVOKED,CONSENT_REVOKED,CONSENT_REVOKED
